code,name,level,parent,longitude,latitude,catchmentPopulation
Nigeria,Nigeria,National,,,,
South South,South South,Zone,Nigeria,,,
South East,South East,Zone,Nigeria,,,
North East,North East,Zone,Nigeria,,,
North Central,North Central,Zone,Nigeria,,,
South West,South West,Zone,Nigeria,,,
North West,North West,Zone,Nigeria,,,
Abia,Abia,State,South East,,,
Adamawa,Adamawa,State,North East,,,
Akwa Ibom,Akwa Ibom,State,South South,,,
Anambra,Anambra,State,South East,,,
Bauchi,Bauchi,State,North East,,,
Bayelsa,Bayelsa,State,South South,,,
Benue,Benue,State,North Central,,,
Borno,Borno,State,North East,,,
Cross River,Cross River,State,South South,,,
Delta,Delta,State,South South,,,
Ebonyi,Ebonyi,State,South East,,,
Edo,Edo,State,South South,,,
Ekiti,Ekiti,State,South West,,,
Enugu,Enugu,State,South East,,,
FCT,FCT,State,North Central,,,
Gombe,Gombe,State,North East,,,
Imo,Imo,State,South East,,,
Jigawa,Jigawa,State,North West,,,
Kaduna,Kaduna,State,North West,,,
Kano,Kano,State,North West,,,
Katsina,Katsina,State,North West,,,
Kebbi,Kebbi,State,North West,,,
Kogi,Kogi,State,North Central,,,
Kwara,Kwara,State,North Central,,,
Lagos,Lagos,State,South West,,,
Nasarawa,Nasarawa,State,North Central,,,
Niger,Niger,State,North Central,,,
Ogun,Ogun,State,South West,,,
Ondo,Ondo,State,South West,,,
Osun,Osun,State,South West,,,
Oyo,Oyo,State,South West,,,
Plateau,Plateau,State,North Central,,,
Rivers,Rivers,State,South South,,,
Sokoto,Sokoto,State,North West,,,
Taraba,Taraba,State,North East,,,
Yobe,Yobe,State,North East,,,
Zamfara,Zamfara,State,North West,,,
Katangum,Katangum,Satellite,Bauchi,,,
Central(Maiduguri),Central(Maiduguri),Satellite,Borno,,,
Northern(Monguno),Northern(Monguno),Satellite,Borno,,,
Southern(Biu),Southern(Biu),Satellite,Borno,,,
Northern(Lere),Northern(Lere),Satellite,Kaduna,,,
Central(Kajuru),Central(Kajuru),Satellite,Kaduna,,,
Southern(Sanga),Southern(Sanga),Satellite,Kaduna,,,
Bichi,Bichi,Satellite,Kano,,,
Dawakin Tofa,Dawakin Tofa,Satellite,Kano,,,
Gwale,Gwale,Satellite,Kano,,,
Nasarawa,Nasarawa,Satellite,Kano,,,
Rano,Rano,Satellite,Kano,,,
Wudil,Wudil,Satellite,Kano,,,
Sandamu,Sandamu,Satellite,Katsina,,,
Dandume,Dandume,Satellite,Katsina,,,
Kankia,Kankia,Satellite,Katsina,,,
Katsina,Katsina,Satellite,Katsina,,,
Damaturu,Damaturu,Satellite,Yobe,,,
Bade,Bade,Satellite,Yobe,,,
Potiskum,Potiskum,Satellite,Yobe,,,
Kaura Namoda,Kaura Namoda,Satellite,Zamfara,,,
Talata Mafara,Talata Mafara,Satellite,Zamfara,,,
Aba North,Aba North,Local Government Area,Abia,,,
Aba South,Aba South,Local Government Area,Abia,,,
Arochukwu,Arochukwu,Local Government Area,Abia,,,
Bende,Bende,Local Government Area,Abia,,,
Ikwuano,Ikwuano,Local Government Area,Abia,,,
Isiala Ngwa North,Isiala Ngwa North,Local Government Area,Abia,,,
Isiala Ngwa South,Isiala Ngwa South,Local Government Area,Abia,,,
Isiukwuato,Isiukwuato,Local Government Area,Abia,,,
Obi Ngwa,Obi Ngwa,Local Government Area,Abia,,,
Ohafia,Ohafia,Local Government Area,Abia,,,
Osisioma Ngwa,Osisioma Ngwa,Local Government Area,Abia,,,
Ugwunagbo,Ugwunagbo,Local Government Area,Abia,,,
Ukwa East,Ukwa East,Local Government Area,Abia,,,
Ukwa West,Ukwa West,Local Government Area,Abia,,,
Umuahia North,Umuahia North,Local Government Area,Abia,,,
Umuahia South,Umuahia South,Local Government Area,Abia,,,
Umunneochi,Umunneochi,Local Government Area,Abia,,,
Demsa,Demsa,Local Government Area,Adamawa,,,
Fufore,Fufore,Local Government Area,Adamawa,,,
Ganye,Ganye,Local Government Area,Adamawa,,,
Girei,Girei,Local Government Area,Adamawa,,,
Gombi,Gombi,Local Government Area,Adamawa,,,
Guyuk,Guyuk,Local Government Area,Adamawa,,,
Hong,Hong,Local Government Area,Adamawa,,,
Jada,Jada,Local Government Area,Adamawa,,,
Lamurde,Lamurde,Local Government Area,Adamawa,,,
Madagali,Madagali,Local Government Area,Adamawa,,,
Maiha,Maiha,Local Government Area,Adamawa,,,
Mayo-Belwa,Mayo-Belwa,Local Government Area,Adamawa,,,
Michika,Michika,Local Government Area,Adamawa,,,
Mubi North,Mubi North,Local Government Area,Adamawa,,,
Mubi South,Mubi South,Local Government Area,Adamawa,,,
Numan,Numan,Local Government Area,Adamawa,,,
Shelleng,Shelleng,Local Government Area,Adamawa,,,
Song,Song,Local Government Area,Adamawa,,,
Toungo,Toungo,Local Government Area,Adamawa,,,
Yola North,Yola North,Local Government Area,Adamawa,,,
Yola South,Yola South,Local Government Area,Adamawa,,,
Abak,Abak,Local Government Area,Akwa Ibom,,,
Eastern Obolo,Eastern Obolo,Local Government Area,Akwa Ibom,,,
Eket,Eket,Local Government Area,Akwa Ibom,,,
Esit-Eket,Esit-Eket,Local Government Area,Akwa Ibom,,,
Essien Udim,Essien Udim,Local Government Area,Akwa Ibom,,,
Etim-Ekpo,Etim-Ekpo,Local Government Area,Akwa Ibom,,,
Etinan,Etinan,Local Government Area,Akwa Ibom,,,
Ibeno,Ibeno,Local Government Area,Akwa Ibom,,,
Ibesikpo-Asutan,Ibesikpo-Asutan,Local Government Area,Akwa Ibom,,,
Ibiono-Ibom,Ibiono-Ibom,Local Government Area,Akwa Ibom,,,
Ika,Ika,Local Government Area,Akwa Ibom,,,
Ikono,Ikono,Local Government Area,Akwa Ibom,,,
Ikot Abasi,Ikot Abasi,Local Government Area,Akwa Ibom,,,
Ikot Ekpene,Ikot Ekpene,Local Government Area,Akwa Ibom,,,
Ini,Ini,Local Government Area,Akwa Ibom,,,
Itu,Itu,Local Government Area,Akwa Ibom,,,
Mbo,Mbo,Local Government Area,Akwa Ibom,,,
Mkpat-Enin,Mkpat-Enin,Local Government Area,Akwa Ibom,,,
Nsit-Atai,Nsit-Atai,Local Government Area,Akwa Ibom,,,
Nsit-Ibom,Nsit-Ibom,Local Government Area,Akwa Ibom,,,
Nsit-Ubium,Nsit-Ubium,Local Government Area,Akwa Ibom,,,
Obot-Akara,Obot-Akara,Local Government Area,Akwa Ibom,,,
Okobo,Okobo,Local Government Area,Akwa Ibom,,,
Onna,Onna,Local Government Area,Akwa Ibom,,,
Oron,Oron,Local Government Area,Akwa Ibom,,,
Oruk Anam,Oruk Anam,Local Government Area,Akwa Ibom,,,
Ukanafun,Ukanafun,Local Government Area,Akwa Ibom,,,
Udung-Uko,Udung-Uko,Local Government Area,Akwa Ibom,,,
Uruan,Uruan,Local Government Area,Akwa Ibom,,,
Urue-Offong/Oruko,Urue-Offong/Oruko,Local Government Area,Akwa Ibom,,,
Uyo,Uyo,Local Government Area,Akwa Ibom,,,
Aguata,Aguata,Local Government Area,Anambra,,,
Anambra East,Anambra East,Local Government Area,Anambra,,,
Anambra West,Anambra West,Local Government Area,Anambra,,,
Anaocha,Anaocha,Local Government Area,Anambra,,,
Anyamelum,Anyamelum,Local Government Area,Anambra,,,
Awka North,Awka North,Local Government Area,Anambra,,,
Awka South,Awka South,Local Government Area,Anambra,,,
Demili North,Demili North,Local Government Area,Anambra,,,
Dunukofia,Dunukofia,Local Government Area,Anambra,,,
Ekwusigo,Ekwusigo,Local Government Area,Anambra,,,
Idemili South,Idemili South,Local Government Area,Anambra,,,
Ihiala,Ihiala,Local Government Area,Anambra,,,
Njikoka,Njikoka,Local Government Area,Anambra,,,
Nnewi North,Nnewi North,Local Government Area,Anambra,,,
Nnewi South,Nnewi South,Local Government Area,Anambra,,,
Ogbaru,Ogbaru,Local Government Area,Anambra,,,
Onitsha North,Onitsha North,Local Government Area,Anambra,,,
Onitsha South,Onitsha South,Local Government Area,Anambra,,,
Orumba North,Orumba North,Local Government Area,Anambra,,,
Orumba South,Orumba South,Local Government Area,Anambra,,,
Oyi,Oyi,Local Government Area,Anambra,,,
Bauchi,Bauchi,Local Government Area,Bauchi,,,
Tafawa Balewa,Tafawa Balewa,Local Government Area,Bauchi,,,
Dass,Dass,Local Government Area,Bauchi,,,
Toro,Toro,Local Government Area,Bauchi,,,
Bogoro,Bogoro,Local Government Area,Bauchi,,,
Ningi,Ningi,Local Government Area,Bauchi,,,
Warji,Warji,Local Government Area,Bauchi,,,
Ganjuwa,Ganjuwa,Local Government Area,Bauchi,,,
Kirfi,Kirfi,Local Government Area,Bauchi,,,
Alkaleri,Alkaleri,Local Government Area,Bauchi,,,
Darazo,Darazo,Local Government Area,Bauchi,,,
Misau,Misau,Local Government Area,Bauchi,,,
Giade,Giade,Local Government Area,Bauchi,,,
Shira,Shira,Local Government Area,Bauchi,,,
Jama’are,Jama’are,Local Government Area,Bauchi,,,
Katangum,Katangum,Local Government Area,Bauchi,,,
Itas/Gadau,Itas/Gadau,Local Government Area,Bauchi,,,
Zaki,Zaki,Local Government Area,Bauchi,,,
Gamawa,Gamawa,Local Government Area,Bauchi,,,
Damban,Damban,Local Government Area,Bauchi,,,
Brass,Brass,Local Government Area,Bayelsa,,,
Ekeremor,Ekeremor,Local Government Area,Bayelsa,,,
Kolokuma/Opokuma,Kolokuma/Opokuma,Local Government Area,Bayelsa,,,
Nembe,Nembe,Local Government Area,Bayelsa,,,
Ogbia,Ogbia,Local Government Area,Bayelsa,,,
Sagbama,Sagbama,Local Government Area,Bayelsa,,,
Southern Ijaw,Southern Ijaw,Local Government Area,Bayelsa,,,
Yenagoa,Yenagoa,Local Government Area,Bayelsa,,,
Ado,Ado,Local Government Area,Benue,,,
Agatu,Agatu,Local Government Area,Benue,,,
Apa,Apa,Local Government Area,Benue,,,
Buruku,Buruku,Local Government Area,Benue,,,
Gboko,Gboko,Local Government Area,Benue,,,
Guma,Guma,Local Government Area,Benue,,,
Gwer East,Gwer East,Local Government Area,Benue,,,
Gwer West,Gwer West,Local Government Area,Benue,,,
Katsina-Ala,Katsina-Ala,Local Government Area,Benue,,,
Konshisha,Konshisha,Local Government Area,Benue,,,
Kwande,Kwande,Local Government Area,Benue,,,
Logo,Logo,Local Government Area,Benue,,,
Makurdi,Makurdi,Local Government Area,Benue,,,
Obi,Obi,Local Government Area,Benue,,,
Ogbadibo,Ogbadibo,Local Government Area,Benue,,,
Ohimini,Ohimini,Local Government Area,Benue,,,
Oju,Oju,Local Government Area,Benue,,,
Okpokwu,Okpokwu,Local Government Area,Benue,,,
Otukpo,Otukpo,Local Government Area,Benue,,,
Tarka,Tarka,Local Government Area,Benue,,,
Ukum,Ukum,Local Government Area,Benue,,,
Ushongo,Ushongo,Local Government Area,Benue,,,
Vandeikya,Vandeikya,Local Government Area,Benue,,,
Hawul,Hawul,Local Government Area,Borno,,,
Jere,Jere,Local Government Area,Borno,,,
Kaga,Kaga,Local Government Area,Borno,,,
Kala/Balge,Kala/Balge,Local Government Area,Borno,,,
Konduga,Konduga,Local Government Area,Borno,,,
Kukawa,Kukawa,Local Government Area,Borno,,,
Kwaya Kusar,Kwaya Kusar,Local Government Area,Borno,,,
Mafa,Mafa,Local Government Area,Borno,,,
Magumeri,Magumeri,Local Government Area,Borno,,,
Maiduguri,Maiduguri,Local Government Area,Borno,,,
Marte,Marte,Local Government Area,Borno,,,
Mobbar,Mobbar,Local Government Area,Borno,,,
Monguno,Monguno,Local Government Area,Borno,,,
Ngala,Ngala,Local Government Area,Borno,,,
Nganzai,Nganzai,Local Government Area,Borno,,,
Shani,Shani,Local Government Area,Borno,,,
Abadam,Abadam,Local Government Area,Borno,,,
Askira/Uba,Askira/Uba,Local Government Area,Borno,,,
Bama,Bama,Local Government Area,Borno,,,
Bayo,Bayo,Local Government Area,Borno,,,
Biu,Biu,Local Government Area,Borno,,,
Chibok,Chibok,Local Government Area,Borno,,,
Damboa,Damboa,Local Government Area,Borno,,,
Dikwa,Dikwa,Local Government Area,Borno,,,
Gubio,Gubio,Local Government Area,Borno,,,
Guzamala,Guzamala,Local Government Area,Borno,,,
Gwoza,Gwoza,Local Government Area,Borno,,,
Abi﻿,Abi﻿,Local Government Area,Cross River,,,
Akamkpa,Akamkpa,Local Government Area,Cross River,,,
Akpabuyo,Akpabuyo,Local Government Area,Cross River,,,
Bakassi,Bakassi,Local Government Area,Cross River,,,
Bekwarra,Bekwarra,Local Government Area,Cross River,,,
Biase,Biase,Local Government Area,Cross River,,,
Boki,Boki,Local Government Area,Cross River,,,
Calabar Municipal,Calabar Municipal,Local Government Area,Cross River,,,
Calabar South,Calabar South,Local Government Area,Cross River,,,
Etung,Etung,Local Government Area,Cross River,,,
Ikom,Ikom,Local Government Area,Cross River,,,
Obanliku,Obanliku,Local Government Area,Cross River,,,
Obubra,Obubra,Local Government Area,Cross River,,,
Obudu,Obudu,Local Government Area,Cross River,,,
Odukpani,Odukpani,Local Government Area,Cross River,,,
Ogoja,Ogoja,Local Government Area,Cross River,,,
Yakuur,Yakuur,Local Government Area,Cross River,,,
Yala,Yala,Local Government Area,Cross River,,,
Aniocha North,Aniocha North,Local Government Area,Delta,,,
Aniocha South,Aniocha South,Local Government Area,Delta,,,
Bomadi,Bomadi,Local Government Area,Delta,,,
Burutu,Burutu,Local Government Area,Delta,,,
Ethiope East,Ethiope East,Local Government Area,Delta,,,
Ethiope West,Ethiope West,Local Government Area,Delta,,,
Ika North East,Ika North East,Local Government Area,Delta,,,
Ika South,Ika South,Local Government Area,Delta,,,
Isoko North,Isoko North,Local Government Area,Delta,,,
Isoko South,Isoko South,Local Government Area,Delta,,,
Ndokwa East,Ndokwa East,Local Government Area,Delta,,,
Ndokwa West,Ndokwa West,Local Government Area,Delta,,,
Okpe,Okpe,Local Government Area,Delta,,,
Oshimili North,Oshimili North,Local Government Area,Delta,,,
Oshimili South,Oshimili South,Local Government Area,Delta,,,
Sapele,Sapele,Local Government Area,Delta,,,
Udu,Udu,Local Government Area,Delta,,,
Ughelli North,Ughelli North,Local Government Area,Delta,,,
Ughelli South,Ughelli South,Local Government Area,Delta,,,
Ukwuani,Ukwuani,Local Government Area,Delta,,,
Uvwie,Uvwie,Local Government Area,Delta,,,
Patani,Patani,Local Government Area,Delta,,,
Warri North,Warri North,Local Government Area,Delta,,,
Warri South,Warri South,Local Government Area,Delta,,,
Warri South West,Warri South West,Local Government Area,Delta,,,
Abakaliki,Abakaliki,Local Government Area,Ebonyi,,,
Afikpo North,Afikpo North,Local Government Area,Ebonyi,,,
Afikpo South,Afikpo South,Local Government Area,Ebonyi,,,
Ebonyi,Ebonyi,Local Government Area,Ebonyi,,,
Ezza North,Ezza North,Local Government Area,Ebonyi,,,
Ezza South,Ezza South,Local Government Area,Ebonyi,,,
Ikwo,Ikwo,Local Government Area,Ebonyi,,,
Ishielu,Ishielu,Local Government Area,Ebonyi,,,
Ivo,Ivo,Local Government Area,Ebonyi,,,
Izzi,Izzi,Local Government Area,Ebonyi,,,
Ohaozara,Ohaozara,Local Government Area,Ebonyi,,,
Ohaukwu,Ohaukwu,Local Government Area,Ebonyi,,,
Onicha,Onicha,Local Government Area,Ebonyi,,,
Akoko-Edo,Akoko-Edo,Local Government Area,Edo,,,
Egor,Egor,Local Government Area,Edo,,,
Esan Central,Esan Central,Local Government Area,Edo,,,
Esan North-East,Esan North-East,Local Government Area,Edo,,,
Esan South-East,Esan South-East,Local Government Area,Edo,,,
Esan West,Esan West,Local Government Area,Edo,,,
Etsako Central,Etsako Central,Local Government Area,Edo,,,
Etsako East,Etsako East,Local Government Area,Edo,,,
Etsako West,Etsako West,Local Government Area,Edo,,,
Igueben,Igueben,Local Government Area,Edo,,,
Ikpoba-Okha,Ikpoba-Okha,Local Government Area,Edo,,,
Oredo,Oredo,Local Government Area,Edo,,,
Orhionmwon,Orhionmwon,Local Government Area,Edo,,,
Ovia North-East,Ovia North-East,Local Government Area,Edo,,,
Ovia South-West,Ovia South-West,Local Government Area,Edo,,,
Owan East,Owan East,Local Government Area,Edo,,,
Owan West,Owan West,Local Government Area,Edo,,,
Uhunmwonde,Uhunmwonde,Local Government Area,Edo,,,
Ado-Ekiti﻿,Ado-Ekiti﻿,Local Government Area,Ekiti,,,
Ikere,Ikere,Local Government Area,Ekiti,,,
Oye,Oye,Local Government Area,Ekiti,,,
Aiyekire (Gbonyin),Aiyekire (Gbonyin),Local Government Area,Ekiti,,,
Efon,Efon,Local Government Area,Ekiti,,,
Ekiti East,Ekiti East,Local Government Area,Ekiti,,,
Ekiti South-West,Ekiti South-West,Local Government Area,Ekiti,,,
Ekiti West,Ekiti West,Local Government Area,Ekiti,,,
Emure,Emure,Local Government Area,Ekiti,,,
Ido-Osi,Ido-Osi,Local Government Area,Ekiti,,,
Ijero,Ijero,Local Government Area,Ekiti,,,
Ikole,Ikole,Local Government Area,Ekiti,,,
Ilejemeje,Ilejemeje,Local Government Area,Ekiti,,,
Irepodun/Ifelodun,Irepodun/Ifelodun,Local Government Area,Ekiti,,,
Ise/Orun,Ise/Orun,Local Government Area,Ekiti,,,
Moba,Moba,Local Government Area,Ekiti,,,
Aninri,Aninri,Local Government Area,Enugu,,,
Awgu,Awgu,Local Government Area,Enugu,,,
Enugu East,Enugu East,Local Government Area,Enugu,,,
Enugu North,Enugu North,Local Government Area,Enugu,,,
Enugu South,Enugu South,Local Government Area,Enugu,,,
Ezeagu,Ezeagu,Local Government Area,Enugu,,,
Igbo Etiti,Igbo Etiti,Local Government Area,Enugu,,,
Igbo Eze North,Igbo Eze North,Local Government Area,Enugu,,,
Igbo Eze South,Igbo Eze South,Local Government Area,Enugu,,,
Isi Uzo,Isi Uzo,Local Government Area,Enugu,,,
Nkanu East,Nkanu East,Local Government Area,Enugu,,,
Nkanu West,Nkanu West,Local Government Area,Enugu,,,
Nsukka,Nsukka,Local Government Area,Enugu,,,
Oji River,Oji River,Local Government Area,Enugu,,,
Udenu,Udenu,Local Government Area,Enugu,,,
Udi,Udi,Local Government Area,Enugu,,,
Uzo-Uwani,Uzo-Uwani,Local Government Area,Enugu,,,
Abaji,Abaji,Local Government Area,FCT,,,
AMAC,AMAC,Local Government Area,FCT,,,
Bwari,Bwari,Local Government Area,FCT,,,
Gwagwalada,Gwagwalada,Local Government Area,FCT,,,
Kuje,Kuje,Local Government Area,FCT,,,
Kwali,Kwali,Local Government Area,FCT,,,
Akko,Akko,Local Government Area,Gombe,,,
Balanga,Balanga,Local Government Area,Gombe,,,
Billiri,Billiri,Local Government Area,Gombe,,,
Dukku,Dukku,Local Government Area,Gombe,,,
Funakaye,Funakaye,Local Government Area,Gombe,,,
Gombe,Gombe,Local Government Area,Gombe,,,
Kaltungo,Kaltungo,Local Government Area,Gombe,,,
Kwami,Kwami,Local Government Area,Gombe,,,
Nafada,Nafada,Local Government Area,Gombe,,,
Shongom,Shongom,Local Government Area,Gombe,,,
Yamaltu/Deba,Yamaltu/Deba,Local Government Area,Gombe,,,
Aboh Mbaise,Aboh Mbaise,Local Government Area,Imo,,,
Ahiazu Mbaise,Ahiazu Mbaise,Local Government Area,Imo,,,
Ehime Mbano,Ehime Mbano,Local Government Area,Imo,,,
Ezinihitte Mbaise,Ezinihitte Mbaise,Local Government Area,Imo,,,
Ideato North,Ideato North,Local Government Area,Imo,,,
Ideato South,Ideato South,Local Government Area,Imo,,,
Ihitte/Uboma,Ihitte/Uboma,Local Government Area,Imo,,,
Ikeduru,Ikeduru,Local Government Area,Imo,,,
Isiala Mbano,Isiala Mbano,Local Government Area,Imo,,,
Isu,Isu,Local Government Area,Imo,,,
Mbaitoli,Mbaitoli,Local Government Area,Imo,,,
Ngor Okpala,Ngor Okpala,Local Government Area,Imo,,,
Njaba,Njaba,Local Government Area,Imo,,,
Nkwerre,Nkwerre,Local Government Area,Imo,,,
Nwangele,Nwangele,Local Government Area,Imo,,,
Obowo,Obowo,Local Government Area,Imo,,,
Oguta,Oguta,Local Government Area,Imo,,,
Ohaji/Egbema,Ohaji/Egbema,Local Government Area,Imo,,,
Okigwe,Okigwe,Local Government Area,Imo,,,
Onuimo,Onuimo,Local Government Area,Imo,,,
Orlu,Orlu,Local Government Area,Imo,,,
Orsu,Orsu,Local Government Area,Imo,,,
Oru East,Oru East,Local Government Area,Imo,,,
Oru West,Oru West,Local Government Area,Imo,,,
Owerri Municipal,Owerri Municipal,Local Government Area,Imo,,,
Owerri North,Owerri North,Local Government Area,Imo,,,
Owerri West,Owerri West,Local Government Area,Imo,,,
Auyo,Auyo,Local Government Area,Jigawa,,,
Babura,Babura,Local Government Area,Jigawa,,,
Biriniwa,Biriniwa,Local Government Area,Jigawa,,,
Birnin Kudu,Birnin Kudu,Local Government Area,Jigawa,,,
Buji,Buji,Local Government Area,Jigawa,,,
Dutse,Dutse,Local Government Area,Jigawa,,,
Gagarawa,Gagarawa,Local Government Area,Jigawa,,,
Garki,Garki,Local Government Area,Jigawa,,,
Gumel,Gumel,Local Government Area,Jigawa,,,
Guri,Guri,Local Government Area,Jigawa,,,
Gwaram,Gwaram,Local Government Area,Jigawa,,,
Gwiwa,Gwiwa,Local Government Area,Jigawa,,,
Hadejia,Hadejia,Local Government Area,Jigawa,,,
Jahun,Jahun,Local Government Area,Jigawa,,,
Kafin Hausa,Kafin Hausa,Local Government Area,Jigawa,,,
Kaugama,Kaugama,Local Government Area,Jigawa,,,
Kazaure,Kazaure,Local Government Area,Jigawa,,,
Kiri Kasama,Kiri Kasama,Local Government Area,Jigawa,,,
Kiyawa,Kiyawa,Local Government Area,Jigawa,,,
Maigatari,Maigatari,Local Government Area,Jigawa,,,
Malam Madori,Malam Madori,Local Government Area,Jigawa,,,
Miga,Miga,Local Government Area,Jigawa,,,
Ringim,Ringim,Local Government Area,Jigawa,,,
Roni,Roni,Local Government Area,Jigawa,,,
Sule Tankarkar,Sule Tankarkar,Local Government Area,Jigawa,,,
Taura,Taura,Local Government Area,Jigawa,,,
Yankwashi,Yankwashi,Local Government Area,Jigawa,,,
Birnin Gwari,Birnin Gwari,Local Government Area,Kaduna,,,
Chikun,Chikun,Local Government Area,Kaduna,,,
Giwa,Giwa,Local Government Area,Kaduna,,,
Igabi,Igabi,Local Government Area,Kaduna,,,
Ikara,Ikara,Local Government Area,Kaduna,,,
Jaba,Jaba,Local Government Area,Kaduna,,,
Jema’a,Jema’a,Local Government Area,Kaduna,,,
Kachia,Kachia,Local Government Area,Kaduna,,,
Kaduna North,Kaduna North,Local Government Area,Kaduna,,,
Kaduna South,Kaduna South,Local Government Area,Kaduna,,,
Kagarko,Kagarko,Local Government Area,Kaduna,,,
Kajuru,Kajuru,Local Government Area,Kaduna,,,
Kaura,Kaura,Local Government Area,Kaduna,,,
Kauru,Kauru,Local Government Area,Kaduna,,,
Kubau,Kubau,Local Government Area,Kaduna,,,
Kudan,Kudan,Local Government Area,Kaduna,,,
Lere,Lere,Local Government Area,Kaduna,,,
Makarfi,Makarfi,Local Government Area,Kaduna,,,
Sabon Gari,Sabon Gari,Local Government Area,Kaduna,,,
Sanga,Sanga,Local Government Area,Kaduna,,,
Soba,Soba,Local Government Area,Kaduna,,,
Zangon Kataf,Zangon Kataf,Local Government Area,Kaduna,,,
Zaria,Zaria,Local Government Area,Kaduna,,,
Ajingi,Ajingi,Local Government Area,Kano,,,
Albasu,Albasu,Local Government Area,Kano,,,
Bagwai,Bagwai,Local Government Area,Kano,,,
Bebeji,Bebeji,Local Government Area,Kano,,,
Bichi,Bichi,Local Government Area,Kano,,,
Bunkure,Bunkure,Local Government Area,Kano,,,
Dala,Dala,Local Government Area,Kano,,,
Dambatta,Dambatta,Local Government Area,Kano,,,
Dawakin Kudu,Dawakin Kudu,Local Government Area,Kano,,,
Dawakin Tofa,Dawakin Tofa,Local Government Area,Kano,,,
Doguwa,Doguwa,Local Government Area,Kano,,,
Fagge,Fagge,Local Government Area,Kano,,,
Gabasawa,Gabasawa,Local Government Area,Kano,,,
Garko,Garko,Local Government Area,Kano,,,
Garum Mallam,Garum Mallam,Local Government Area,Kano,,,
Gaya,Gaya,Local Government Area,Kano,,,
Gezawa,Gezawa,Local Government Area,Kano,,,
Gwale,Gwale,Local Government Area,Kano,,,
Gwarzo,Gwarzo,Local Government Area,Kano,,,
Kabo,Kabo,Local Government Area,Kano,,,
Kano Municipal,Kano Municipal,Local Government Area,Kano,,,
Karaye,Karaye,Local Government Area,Kano,,,
Kibiya,Kibiya,Local Government Area,Kano,,,
Kiru,Kiru,Local Government Area,Kano,,,
kumbotso,kumbotso,Local Government Area,Kano,,,
Kunchi,Kunchi,Local Government Area,Kano,,,
Kura,Kura,Local Government Area,Kano,,,
Madobi,Madobi,Local Government Area,Kano,,,
Makoda,Makoda,Local Government Area,Kano,,,
Minjibir,Minjibir,Local Government Area,Kano,,,
Nasarawa,Nasarawa,Local Government Area,Kano,,,
Rano,Rano,Local Government Area,Kano,,,
Rimin Gado,Rimin Gado,Local Government Area,Kano,,,
Rogo,Rogo,Local Government Area,Kano,,,
Shanono,Shanono,Local Government Area,Kano,,,
Sumaila,Sumaila,Local Government Area,Kano,,,
Takai,Takai,Local Government Area,Kano,,,
Tarauni,Tarauni,Local Government Area,Kano,,,
Tofa,Tofa,Local Government Area,Kano,,,
Tsanyawa,Tsanyawa,Local Government Area,Kano,,,
Tudun Wada,Tudun Wada,Local Government Area,Kano,,,
Ungogo,Ungogo,Local Government Area,Kano,,,
Warawa,Warawa,Local Government Area,Kano,,,
Wudil ,Wudil ,Local Government Area,Kano,,,
Bakori,Bakori,Local Government Area,Katsina,,,
Batagarawa,Batagarawa,Local Government Area,Katsina,,,
Batsari,Batsari,Local Government Area,Katsina,,,
Baure,Baure,Local Government Area,Katsina,,,
Bindawa,Bindawa,Local Government Area,Katsina,,,
Charanchi,Charanchi,Local Government Area,Katsina,,,
Dan Musa,Dan Musa,Local Government Area,Katsina,,,
Dandume,Dandume,Local Government Area,Katsina,,,
Danja,Danja,Local Government Area,Katsina,,,
Daura,Daura,Local Government Area,Katsina,,,
Dutsi,Dutsi,Local Government Area,Katsina,,,
Dutsin-Ma,Dutsin-Ma,Local Government Area,Katsina,,,
Faskari,Faskari,Local Government Area,Katsina,,,
Funtua,Funtua,Local Government Area,Katsina,,,
Ingawa,Ingawa,Local Government Area,Katsina,,,
Jibia,Jibia,Local Government Area,Katsina,,,
Kafur,Kafur,Local Government Area,Katsina,,,
Kaita,Kaita,Local Government Area,Katsina,,,
Kankara,Kankara,Local Government Area,Katsina,,,
Kankia,Kankia,Local Government Area,Katsina,,,
Katsina,Katsina,Local Government Area,Katsina,,,
Kurfi,Kurfi,Local Government Area,Katsina,,,
Kusada,Kusada,Local Government Area,Katsina,,,
Mai'Adua,Mai'Adua,Local Government Area,Katsina,,,
Malumfashi,Malumfashi,Local Government Area,Katsina,,,
Mani,Mani,Local Government Area,Katsina,,,
Mashi,Mashi,Local Government Area,Katsina,,,
Matazu,Matazu,Local Government Area,Katsina,,,
Musawa,Musawa,Local Government Area,Katsina,,,
Rimi,Rimi,Local Government Area,Katsina,,,
Sabuwa,Sabuwa,Local Government Area,Katsina,,,
Safana,Safana,Local Government Area,Katsina,,,
Sandamu,Sandamu,Local Government Area,Katsina,,,
Zango,Zango,Local Government Area,Katsina,,,
Aleiro,Aleiro,Local Government Area,Kebbi,,,
Arewa Dandi,Arewa Dandi,Local Government Area,Kebbi,,,
Argungu,Argungu,Local Government Area,Kebbi,,,
Augie,Augie,Local Government Area,Kebbi,,,
Bagudo,Bagudo,Local Government Area,Kebbi,,,
Birnin Kebbi,Birnin Kebbi,Local Government Area,Kebbi,,,
Bunza,Bunza,Local Government Area,Kebbi,,,
Dandi,Dandi,Local Government Area,Kebbi,,,
Fakai,Fakai,Local Government Area,Kebbi,,,
Gwandu,Gwandu,Local Government Area,Kebbi,,,
Jega,Jega,Local Government Area,Kebbi,,,
Kalgo,Kalgo,Local Government Area,Kebbi,,,
Koko/Besse,Koko/Besse,Local Government Area,Kebbi,,,
Maiyama,Maiyama,Local Government Area,Kebbi,,,
Ngaski,Ngaski,Local Government Area,Kebbi,,,
Sakaba,Sakaba,Local Government Area,Kebbi,,,
Shanga,Shanga,Local Government Area,Kebbi,,,
Suru,Suru,Local Government Area,Kebbi,,,
Danko/Wasagu,Danko/Wasagu,Local Government Area,Kebbi,,,
Yauri,Yauri,Local Government Area,Kebbi,,,
Zuru,Zuru,Local Government Area,Kebbi,,,
Adavi,Adavi,Local Government Area,Kogi,,,
Ajaokuta,Ajaokuta,Local Government Area,Kogi,,,
Ankpa,Ankpa,Local Government Area,Kogi,,,
Bassa,Bassa,Local Government Area,Kogi,,,
Dekina,Dekina,Local Government Area,Kogi,,,
Ibaji,Ibaji,Local Government Area,Kogi,,,
Idah,Idah,Local Government Area,Kogi,,,
Igalamela-Odolu,Igalamela-Odolu,Local Government Area,Kogi,,,
Ijumu,Ijumu,Local Government Area,Kogi,,,
Kabba/Bunu,Kabba/Bunu,Local Government Area,Kogi,,,
Koton Karfe,Koton Karfe,Local Government Area,Kogi,,,
Lokoja,Lokoja,Local Government Area,Kogi,,,
Mopa-Muro,Mopa-Muro,Local Government Area,Kogi,,,
Ofu,Ofu,Local Government Area,Kogi,,,
Ogori/Magongo,Ogori/Magongo,Local Government Area,Kogi,,,
Okehi,Okehi,Local Government Area,Kogi,,,
Okene,Okene,Local Government Area,Kogi,,,
Olamaboro,Olamaboro,Local Government Area,Kogi,,,
Omala,Omala,Local Government Area,Kogi,,,
Yagba East,Yagba East,Local Government Area,Kogi,,,
Yagba West,Yagba West,Local Government Area,Kogi,,,
Asa,Asa,Local Government Area,Kwara,,,
Baruten,Baruten,Local Government Area,Kwara,,,
Edu,Edu,Local Government Area,Kwara,,,
Ekiti,Ekiti,Local Government Area,Kwara,,,
Ifelodun,Ifelodun,Local Government Area,Kwara,,,
Ilorin East,Ilorin East,Local Government Area,Kwara,,,
Ilorin South,Ilorin South,Local Government Area,Kwara,,,
Ilorin West,Ilorin West,Local Government Area,Kwara,,,
Irepodun,Irepodun,Local Government Area,Kwara,,,
Isin,Isin,Local Government Area,Kwara,,,
Kaiama,Kaiama,Local Government Area,Kwara,,,
Moro,Moro,Local Government Area,Kwara,,,
Offa,Offa,Local Government Area,Kwara,,,
Oke Ero,Oke Ero,Local Government Area,Kwara,,,
Oyun,Oyun,Local Government Area,Kwara,,,
Patigi,Patigi,Local Government Area,Kwara,,,
Agege,Agege,Local Government Area,Lagos,,,
Alimosho,Alimosho,Local Government Area,Lagos,,,
Apapa,Apapa,Local Government Area,Lagos,,,
Ifako-Ijaye,Ifako-Ijaye,Local Government Area,Lagos,,,
Ikeja,Ikeja,Local Government Area,Lagos,,,
Kosofe,Kosofe,Local Government Area,Lagos,,,
Mushin,Mushin,Local Government Area,Lagos,,,
Oshodi-Isolo,Oshodi-Isolo,Local Government Area,Lagos,,,
Shomolu,Shomolu,Local Government Area,Lagos,,,
Eti-Osa,Eti-Osa,Local Government Area,Lagos,,,
Lagos Island,Lagos Island,Local Government Area,Lagos,,,
Lagos Mainland,Lagos Mainland,Local Government Area,Lagos,,,
Surulere,Surulere,Local Government Area,Lagos,,,
Ojo,Ojo,Local Government Area,Lagos,,,
Ajeromi-Ifelodun,Ajeromi-Ifelodun,Local Government Area,Lagos,,,
Amuwo-Odofin,Amuwo-Odofin,Local Government Area,Lagos,,,
Badagry,Badagry,Local Government Area,Lagos,,,
Ikorodu,Ikorodu,Local Government Area,Lagos,,,
Ibeju-Lekki,Ibeju-Lekki,Local Government Area,Lagos,,,
Epe,Epe,Local Government Area,Lagos,,,
Akwanga,Akwanga,Local Government Area,Nasarawa,,,
Awe,Awe,Local Government Area,Nasarawa,,,
Doma,Doma,Local Government Area,Nasarawa,,,
Karu,Karu,Local Government Area,Nasarawa,,,
Keana,Keana,Local Government Area,Nasarawa,,,
Keffi,Keffi,Local Government Area,Nasarawa,,,
Kokona,Kokona,Local Government Area,Nasarawa,,,
Lafia,Lafia,Local Government Area,Nasarawa,,,
Nasarawa,Nasarawa,Local Government Area,Nasarawa,,,
Nasarawa Egon,Nasarawa Egon,Local Government Area,Nasarawa,,,
Obi,Obi,Local Government Area,Benue,,,
Toto,Toto,Local Government Area,Nasarawa,,,
Wamba,Wamba,Local Government Area,Nasarawa,,,
Agaie,Agaie,Local Government Area,Niger,,,
Agwara,Agwara,Local Government Area,Niger,,,
Bida,Bida,Local Government Area,Niger,,,
Borgu,Borgu,Local Government Area,Niger,,,
Bosso,Bosso,Local Government Area,Niger,,,
Chanchaga,Chanchaga,Local Government Area,Niger,,,
Edati,Edati,Local Government Area,Niger,,,
Gbako,Gbako,Local Government Area,Niger,,,
Gurara,Gurara,Local Government Area,Niger,,,
Katcha,Katcha,Local Government Area,Niger,,,
Kontagora,Kontagora,Local Government Area,Niger,,,
Lapai,Lapai,Local Government Area,Niger,,,
Lavun,Lavun,Local Government Area,Niger,,,
Magama,Magama,Local Government Area,Niger,,,
Mariga,Mariga,Local Government Area,Niger,,,
Mashegu,Mashegu,Local Government Area,Niger,,,
Mokwa,Mokwa,Local Government Area,Niger,,,
Munya,Munya,Local Government Area,Niger,,,
Paikoro,Paikoro,Local Government Area,Niger,,,
Rafi,Rafi,Local Government Area,Niger,,,
Rijau,Rijau,Local Government Area,Niger,,,
Shiroro,Shiroro,Local Government Area,Niger,,,
Suleja,Suleja,Local Government Area,Niger,,,
Tafa,Tafa,Local Government Area,Niger,,,
Wushishi,Wushishi,Local Government Area,Niger,,,
Abeokuta North,Abeokuta North,Local Government Area,Ogun,,,
Abeokuta South,Abeokuta South,Local Government Area,Ogun,,,
Ado-Odo/Ota,Ado-Odo/Ota,Local Government Area,Ogun,,,
Ewekoro,Ewekoro,Local Government Area,Ogun,,,
Ifo,Ifo,Local Government Area,Ogun,,,
Ijebu East,Ijebu East,Local Government Area,Ogun,,,
Ijebu North,Ijebu North,Local Government Area,Ogun,,,
Ijebu North-East,Ijebu North-East,Local Government Area,Ogun,,,
Ijebu Ode,Ijebu Ode,Local Government Area,Ogun,,,
Ikenne,Ikenne,Local Government Area,Ogun,,,
Imeko Afon,Imeko Afon,Local Government Area,Ogun,,,
Ipokia,Ipokia,Local Government Area,Ogun,,,
Obafemi Owode,Obafemi Owode,Local Government Area,Ogun,,,
Odogbolu,Odogbolu,Local Government Area,Ogun,,,
Odeda,Odeda,Local Government Area,Ogun,,,
Ogun Waterside,Ogun Waterside,Local Government Area,Ogun,,,
Remo North,Remo North,Local Government Area,Ogun,,,
Sagamu,Sagamu,Local Government Area,Ogun,,,
Yewa North,Yewa North,Local Government Area,Ogun,,,
Yewa South,Yewa South,Local Government Area,Ogun,,,
Akoko North-East,Akoko North-East,Local Government Area,Ondo,,,
Akoko North-West,Akoko North-West,Local Government Area,Ondo,,,
Akoko South-East,Akoko South-East,Local Government Area,Ondo,,,
Akoko South-West,Akoko South-West,Local Government Area,Ondo,,,
Akure North,Akure North,Local Government Area,Ondo,,,
Akure South,Akure South,Local Government Area,Ondo,,,
Ese Odo,Ese Odo,Local Government Area,Ondo,,,
Idanre,Idanre,Local Government Area,Ondo,,,
Ifedore,Ifedore,Local Government Area,Ondo,,,
Ilaje,Ilaje,Local Government Area,Ondo,,,
Ile Oluji/Okeigbo,Ile Oluji/Okeigbo,Local Government Area,Ondo,,,
Irele,Irele,Local Government Area,Ondo,,,
Odigbo,Odigbo,Local Government Area,Ondo,,,
Okitipupa,Okitipupa,Local Government Area,Ondo,,,
Ondo East,Ondo East,Local Government Area,Ondo,,,
Ondo West,Ondo West,Local Government Area,Ondo,,,
Ose,Ose,Local Government Area,Ondo,,,
Owo,Owo,Local Government Area,Ondo,,,
Aiyedaade,Aiyedaade,Local Government Area,Osun,,,
Aiyedire,Aiyedire,Local Government Area,Osun,,,
Atakunmosa East,Atakunmosa East,Local Government Area,Osun,,,
Atakunmosa West,Atakunmosa West,Local Government Area,Osun,,,
Boluwaduro,Boluwaduro,Local Government Area,Osun,,,
Boripe,Boripe,Local Government Area,Osun,,,
Ede North,Ede North,Local Government Area,Osun,,,
Ede South,Ede South,Local Government Area,Osun,,,
Egbedore,Egbedore,Local Government Area,Osun,,,
Ejigbo,Ejigbo,Local Government Area,Osun,,,
Ife Central,Ife Central,Local Government Area,Osun,,,
Ife East,Ife East,Local Government Area,Osun,,,
Ife North,Ife North,Local Government Area,Osun,,,
Ife South,Ife South,Local Government Area,Osun,,,
Ifedayo,Ifedayo,Local Government Area,Osun,,,
Ifelodun,Ifelodun,Local Government Area,Kwara,,,
Ila,Ila,Local Government Area,Osun,,,
Ilesa East,Ilesa East,Local Government Area,Osun,,,
Ilesa West,Ilesa West,Local Government Area,Osun,,,
Irepodun,Irepodun,Local Government Area,Kwara,,,
Irewole,Irewole,Local Government Area,Osun,,,
Isokan,Isokan,Local Government Area,Osun,,,
Iwo,Iwo,Local Government Area,Osun,,,
Obokun,Obokun,Local Government Area,Osun,,,
Odo Otin,Odo Otin,Local Government Area,Osun,,,
Ola Oluwa,Ola Oluwa,Local Government Area,Osun,,,
Olorunda,Olorunda,Local Government Area,Osun,,,
Oriade,Oriade,Local Government Area,Osun,,,
Orolu,Orolu,Local Government Area,Osun,,,
Osogbo,Osogbo,Local Government Area,Osun,,,
Akinyele,Akinyele,Local Government Area,Oyo,,,
Afijio,Afijio,Local Government Area,Oyo,,,
Atiba,Atiba,Local Government Area,Oyo,,,
Atisbo,Atisbo,Local Government Area,Oyo,,,
Egbeda,Egbeda,Local Government Area,Oyo,,,
Ibadan North,Ibadan North,Local Government Area,Oyo,,,
Ibadan North-East,Ibadan North-East,Local Government Area,Oyo,,,
Ibadan North-West,Ibadan North-West,Local Government Area,Oyo,,,
Ibadan South-West,Ibadan South-West,Local Government Area,Oyo,,,
Ibadan South-East,Ibadan South-East,Local Government Area,Oyo,,,
Ibarapa Central,Ibarapa Central,Local Government Area,Oyo,,,
Ibarapa East,Ibarapa East,Local Government Area,Oyo,,,
Ibarapa North,Ibarapa North,Local Government Area,Oyo,,,
Ido,Ido,Local Government Area,Oyo,,,
Irepo,Irepo,Local Government Area,Oyo,,,
Iseyin,Iseyin,Local Government Area,Oyo,,,
Itesiwaju,Itesiwaju,Local Government Area,Oyo,,,
Iwajowa,Iwajowa,Local Government Area,Oyo,,,
Kajola,Kajola,Local Government Area,Oyo,,,
Lagelu,Lagelu,Local Government Area,Oyo,,,
Ogbomosho North,Ogbomosho North,Local Government Area,Oyo,,,
Ogbomosho South,Ogbomosho South,Local Government Area,Oyo,,,
Oyo East,Oyo East,Local Government Area,Oyo,,,
Oyo West,Oyo West,Local Government Area,Oyo,,,
Olorunsogo,Olorunsogo,Local Government Area,Oyo,,,
Oluyole,Oluyole,Local Government Area,Oyo,,,
Ogo Oluwa,Ogo Oluwa,Local Government Area,Oyo,,,
Orelope,Orelope,Local Government Area,Oyo,,,
Ori Ire,Ori Ire,Local Government Area,Oyo,,,
Ona Ara,Ona Ara,Local Government Area,Oyo,,,
Saki West,Saki West,Local Government Area,Oyo,,,
Saki East,Saki East,Local Government Area,Oyo,,,
Surulere,Surulere,Local Government Area,Lagos,,,
Barkin Ladi,Barkin Ladi,Local Government Area,Plateau,,,
Bassa,Bassa,Local Government Area,Kogi,,,
Bokkos,Bokkos,Local Government Area,Plateau,,,
Jos East,Jos East,Local Government Area,Plateau,,,
Jos North,Jos North,Local Government Area,Plateau,,,
Jos South,Jos South,Local Government Area,Plateau,,,
Kanam,Kanam,Local Government Area,Plateau,,,
Kanke,Kanke,Local Government Area,Plateau,,,
Langtang North,Langtang North,Local Government Area,Plateau,,,
Langtang South,Langtang South,Local Government Area,Plateau,,,
Mangu,Mangu,Local Government Area,Plateau,,,
Mikang,Mikang,Local Government Area,Plateau,,,
Pankshin,Pankshin,Local Government Area,Plateau,,,
Qua'an Pan,Qua'an Pan,Local Government Area,Plateau,,,
Riyom,Riyom,Local Government Area,Plateau,,,
Shendam,Shendam,Local Government Area,Plateau,,,
Wase,Wase,Local Government Area,Plateau,,,
Port Harcourt,Port Harcourt,Local Government Area,Rivers,,,
Obio-Akpor,Obio-Akpor,Local Government Area,Rivers,,,
Okrika,Okrika,Local Government Area,Rivers,,,
Ogu-Bolo,Ogu-Bolo,Local Government Area,Rivers,,,
Eleme,Eleme,Local Government Area,Rivers,,,
Tai,Tai,Local Government Area,Rivers,,,
Gokana,Gokana,Local Government Area,Rivers,,,
Khana,Khana,Local Government Area,Rivers,,,
Oyigbo,Oyigbo,Local Government Area,Rivers,,,
Opobo-Nkoro,Opobo-Nkoro,Local Government Area,Rivers,,,
Andoni,Andoni,Local Government Area,Rivers,,,
Bonny,Bonny,Local Government Area,Rivers,,,
Degema,Degema,Local Government Area,Rivers,,,
Asari-Toru,Asari-Toru,Local Government Area,Rivers,,,
Akuku-Toru,Akuku-Toru,Local Government Area,Rivers,,,
Abua-Odual,Abua-Odual,Local Government Area,Rivers,,,
Ahoada West,Ahoada West,Local Government Area,Rivers,,,
Ahoada East,Ahoada East,Local Government Area,Rivers,,,
Ogba-Egbema-Ndoni,Ogba-Egbema-Ndoni,Local Government Area,Rivers,,,
Emohua,Emohua,Local Government Area,Rivers,,,
Ikwerre,Ikwerre,Local Government Area,Rivers,,,
Etche,Etche,Local Government Area,Rivers,,,
Omuma,Omuma,Local Government Area,Rivers,,,
Binji,Binji,Local Government Area,Sokoto,,,
Bodinga,Bodinga,Local Government Area,Sokoto,,,
Dange Shuni,Dange Shuni,Local Government Area,Sokoto,,,
Gada,Gada,Local Government Area,Sokoto,,,
Goronyo,Goronyo,Local Government Area,Sokoto,,,
Gudu,Gudu,Local Government Area,Sokoto,,,
Gwadabawa,Gwadabawa,Local Government Area,Sokoto,,,
Illela,Illela,Local Government Area,Sokoto,,,
Isa,Isa,Local Government Area,Sokoto,,,
Kebbe,Kebbe,Local Government Area,Sokoto,,,
Kware,Kware,Local Government Area,Sokoto,,,
Rabah,Rabah,Local Government Area,Sokoto,,,
Sabon Birni,Sabon Birni,Local Government Area,Sokoto,,,
Shagari,Shagari,Local Government Area,Sokoto,,,
Silame,Silame,Local Government Area,Sokoto,,,
Sokoto North,Sokoto North,Local Government Area,Sokoto,,,
Sokoto South,Sokoto South,Local Government Area,Sokoto,,,
Tambuwal,Tambuwal,Local Government Area,Sokoto,,,
Tangaza,Tangaza,Local Government Area,Sokoto,,,
Tureta,Tureta,Local Government Area,Sokoto,,,
Wamako,Wamako,Local Government Area,Sokoto,,,
Wurno,Wurno,Local Government Area,Sokoto,,,
Yabo,Yabo,Local Government Area,Sokoto,,,
Ardo Kola,Ardo Kola,Local Government Area,Taraba,,,
Bali,Bali,Local Government Area,Taraba,,,
Donga,Donga,Local Government Area,Taraba,,,
Gashaka,Gashaka,Local Government Area,Taraba,,,
Gassol,Gassol,Local Government Area,Taraba,,,
Ibi,Ibi,Local Government Area,Taraba,,,
Jalingo,Jalingo,Local Government Area,Taraba,,,
Karim Lamido,Karim Lamido,Local Government Area,Taraba,,,
Kurmi,Kurmi,Local Government Area,Taraba,,,
Lau,Lau,Local Government Area,Taraba,,,
Sardauna,Sardauna,Local Government Area,Taraba,,,
Takum,Takum,Local Government Area,Taraba,,,
Ussa,Ussa,Local Government Area,Taraba,,,
Wukari,Wukari,Local Government Area,Taraba,,,
Yorro,Yorro,Local Government Area,Taraba,,,
Zing,Zing,Local Government Area,Taraba,,,
Bade,Bade,Local Government Area,Yobe,,,
Bursari,Bursari,Local Government Area,Yobe,,,
Damaturu,Damaturu,Local Government Area,Yobe,,,
Geidam,Geidam,Local Government Area,Yobe,,,
Gujba,Gujba,Local Government Area,Yobe,,,
Gulani,Gulani,Local Government Area,Yobe,,,
Fika,Fika,Local Government Area,Yobe,,,
Fune,Fune,Local Government Area,Yobe,,,
Jakusko,Jakusko,Local Government Area,Yobe,,,
Karasuwa,Karasuwa,Local Government Area,Yobe,,,
Machina,Machina,Local Government Area,Yobe,,,
Nangere,Nangere,Local Government Area,Yobe,,,
Nguru,Nguru,Local Government Area,Yobe,,,
Potiskum,Potiskum,Local Government Area,Yobe,,,
Tarmuwa,Tarmuwa,Local Government Area,Yobe,,,
Yunusari,Yunusari,Local Government Area,Yobe,,,
Yusufari,Yusufari,Local Government Area,Yobe,,,
Anka,Anka,Local Government Area,Zamfara,,,
Bakura,Bakura,Local Government Area,Zamfara,,,
Birnin Magaji/Kiyaw,Birnin Magaji/Kiyaw,Local Government Area,Zamfara,,,
Bukkuyum,Bukkuyum,Local Government Area,Zamfara,,,
Bungudu,Bungudu,Local Government Area,Zamfara,,,
Tsafe,Tsafe,Local Government Area,Zamfara,,,
Gummi,Gummi,Local Government Area,Zamfara,,,
Gusau,Gusau,Local Government Area,Zamfara,,,
Kaura Namoda,Kaura Namoda,Local Government Area,Zamfara,,,
Maradun,Maradun,Local Government Area,Zamfara,,,
Maru,Maru,Local Government Area,Zamfara,,,
Shinkafi,Shinkafi,Local Government Area,Zamfara,,,
Talata Mafara,Talata Mafara,Local Government Area,Zamfara,,,
Zurmi,Zurmi,Local Government Area,Zamfara,,,
